norm,total_count,n_variants,canonical_suggested,variants,has_accent_variant,has_unaccent_variant
ingenieria,60,3,ingeniería,ingeniería(53) | ingenieria(6) | ingenieríá(1),True,True
econometria,33,3,econometría,econometria(17) | econometría(15) | económetria(1),True,True
mecanico,17,3,mecánico,mecánico(14) | mecanico(2) | mécanico(1),True,True
macroeconomia,12,3,macroeconomía,macroeconomía(9) | macroeconomia(2) | macroeconómia(1),True,True
programacion,118,2,programación,programación(106) | programacion(12),True,True
diseno,111,2,diseño,diseño(110) | diseno(1),True,True
gestion,80,2,gestión,gestión(65) | gestion(15),True,True
mecanica,80,2,mecánica,mecánica(75) | mecanica(5),True,True
estadistica,38,2,estadística,estadística(31) | estadistica(7),True,True
maquinas,37,2,máquinas,máquinas(26) | maquinas(11),True,True
analisis,33,2,análisis,análisis(27) | analisis(6),True,True
hormigon,31,2,hormigón,hormigón(26) | hormigon(5),True,True
moviles,31,2,móviles,móviles(21) | moviles(10),True,True
electricas,29,2,eléctricas,eléctricas(21) | electricas(8),True,True
termodinamica,27,2,termodinámica,termodinámica(24) | termodinamica(3),True,True
hidraulica,26,2,hidráulica,hidráulica(23) | hidraulica(3),True,True
instrumentacion,24,2,instrumentación,instrumentación(21) | instrumentacion(3),True,True
energia,23,2,energía,energía(22) | energia(1),True,True
agiles,21,2,ágiles,ágiles(19) | agiles(2),True,True
metodologias,21,2,metodologías,metodologías(19) | metodologias(2),True,True
electronica,19,2,electrónica,electrónica(15) | electronica(4),True,True
fiscalizacion,19,2,fiscalización,fiscalización(18) | fiscalizacion(1),True,True
hidraulicos,19,2,hidráulicos,hidráulicos(18) | hidraulicos(1),True,True
calculo,17,2,cálculo,cálculo(12) | calculo(5),True,True
electricos,17,2,eléctricos,eléctricos(15) | electricos(2),True,True
produccion,17,2,producción,producción(15) | produccion(2),True,True
quimica,17,2,química,química(15) | quimica(2),True,True
automatizacion,16,2,automatización,automatización(15) | automatizacion(1),True,True
evaluacion,16,2,evaluación,evaluación(14) | evaluacion(2),True,True
distribucion,15,2,distribución,distribución(14) | distribucion(1),True,True
fisica,15,2,física,física(14) | fisica(1),True,True
tecnologias,15,2,tecnologías,tecnologías(13) | tecnologias(2),True,True
dinamica,14,2,dinámica,dinámica(13) | dinamica(1),True,True
teoria,14,2,teoría,teoría(12) | teoria(2),True,True
telematica,13,2,telemática,telemática(12) | telematica(1),True,True
interaccion,11,2,interacción,interacción(8) | interaccion(3),True,True
logistica,10,2,logística,logística(6) | logistica(4),True,True
generacion,9,2,generación,generación(6) | generacion(3),True,True
comunicacion,8,2,comunicación,comunicación(6) | comunicacion(2),True,True
informacion,8,2,información,información(7) | informacion(1),True,True
sismica,8,2,sísmica,sísmica(5) | sismica(3),True,True
administracion,7,2,administración,administración(6) | administracion(1),True,True
algebra,7,2,álgebra,álgebra(6) | algebra(1),True,True
inalambricas,7,2,inalámbricas,inalámbricas(5) | inalambricas(2),True,True
petrografia,7,2,petrografía,petrografía(6) | petrografia(1),True,True
analitica,6,2,analítica,analítica(5) | analitica(1),True,True
auditoria,6,2,auditoría,auditoria(4) | auditoría(2),True,True
electromecanico,6,2,electromecánico,electromecánico(5) | electromecanico(1),True,True
estatica,6,2,estática,estática(5) | estatica(1),True,True
geotecnia,6,2,geotécnia,geotecnia(5) | geotécnia(1),True,True
informatica,6,2,informática,informática(5) | informatica(1),True,True
refrigeracion,6,2,refrigeración,refrigeracion(3) | refrigeración(3),True,True
etico,5,2,ético,ético(4) | etico(1),True,True
topografia,5,2,topografía,topografía(4) | topografia(1),True,True
mineria,4,2,minería,minería(3) | mineria(1),True,True
movil,4,2,móvil,móvil(3) | movil(1),True,True
numericos,4,2,numéricos,numericos(2) | numéricos(2),True,True
planificacion,4,2,planificación,planificación(3) | planificacion(1),True,True
electronicos,3,2,electrónicos,electrónicos(2) | electronicos(1),True,True
formulacion,3,2,formulación,formulación(2) | formulacion(1),True,True
inalambricos,3,2,inalámbricos,inalámbricos(2) | inalambricos(1),True,True
metrologia,3,2,metrología,metrología(2) | metrologia(1),True,True
robotica,3,2,robótica,robótica(2) | robotica(1),True,True
tecnicas,3,2,técnicas,tecnicas(2) | técnicas(1),True,True
biomedica,2,2,biomédica,biomedica(1) | biomédica(1),True,True
electromecanica,2,2,electromecánica,electromecanica(1) | electromecánica(1),True,True
instalacion,2,2,instalación,instalacion(1) | instalación(1),True,True
metalicas,2,2,metálicas,metalicas(1) | metálicas(1),True,True
modelacion,2,2,modelación,modelacion(1) | modelación(1),True,True
operacion,2,2,operación,operacion(1) | operación(1),True,True
publica,2,2,pública,publica(1) | pública(1),True,True
de,803,1,de,de(803),False,True
y,256,1,y,y(256),False,True
aplicaciones,110,1,aplicaciones,aplicaciones(110),False,True
sistemas,97,1,sistemas,sistemas(97),False,True
web,96,1,web,web(96),False,True
software,79,1,software,software(79),False,True
datos,76,1,datos,datos(76),False,True
proyectos,73,1,proyectos,proyectos(73),False,True
redes,69,1,redes,redes(69),False,True
la,63,1,la,la(63),False,True
calidad,62,1,calidad,calidad(62),False,True
control,57,1,control,control(57),False,True
desarrollo,57,1,desarrollo,desarrollo(57),False,True
en,50,1,en,en(50),False,True
procesos,48,1,procesos,procesos(48),False,True
materiales,47,1,materiales,materiales(47),False,True
bases,43,1,bases,bases(43),False,True
estructuras,40,1,estructuras,estructuras(40),False,True
calor,39,1,calor,calor(39),False,True
del,38,1,del,del(38),False,True
transferencia,37,1,transferencia,transferencia(37),False,True
a,35,1,a,a(35),False,True
ambiental,35,1,ambiental,ambiental(35),False,True
agua,34,1,agua,agua(34),False,True
artificial,34,1,artificial,artificial(34),False,True
inteligencia,34,1,inteligencia,inteligencia(34),False,True
seguridad,34,1,seguridad,seguridad(34),False,True
industrial,33,1,industrial,industrial(33),False,True
fluidos,31,1,fluidos,fluidos(31),False,True
ii,29,1,ii,ii(29),False,True
industriales,26,1,industriales,industriales(26),False,True
estructurales,25,1,estructurales,estructurales(25),False,True
i,25,1,i,i(25),False,True
potencia,24,1,potencia,potencia(24),False,True
cad,22,1,cad,cad(22),False,True
aplicada,20,1,aplicada,aplicada(20),False,True
balance,20,1,balance,balance(20),False,True
masa,18,1,masa,masa(18),False,True
alcantarillado,17,1,alcantarillado,alcantarillado(17),False,True
legislacion,17,1,legislación,legislación(17),True,False
suelos,17,1,suelos,suelos(17),False,True
computacionales,16,1,computacionales,computacionales(16),False,True
costos,16,1,costos,costos(16),False,True
financiera,16,1,financiera,financiera(16),False,True
objetos,16,1,objetos,objetos(16),False,True
construccion,15,1,construcción,construcción(15),True,False
finanzas,15,1,finanzas,finanzas(15),False,True
fundamentos,15,1,fundamentos,fundamentos(15),False,True
operativos,15,1,operativos,operativos(15),False,True
orientada,15,1,orientada,orientada(15),False,True
plantas,15,1,plantas,plantas(15),False,True
plcs,15,1,plcs,plcs(15),False,True
residuos,15,1,residuos,residuos(15),False,True
instalaciones,14,1,instalaciones,instalaciones(14),False,True
con,13,1,con,con(13),False,True
e,13,1,e,e(13),False,True
hci,13,1,hci,hci(13),False,True
humano,13,1,humano,humano(13),False,True
las,13,1,las,las(13),False,True
cadena,12,1,cadena,cadena(12),False,True
ciencia,12,1,ciencia,ciencia(12),False,True
dibujo,12,1,dibujo,dibujo(12),False,True
geologia,12,1,geología,geología(12),True,False
sep,12,1,sep,sep(12),False,True
computador,11,1,computador,computador(11),False,True
comunicaciones,11,1,comunicaciones,comunicaciones(11),False,True
desgaste,11,1,desgaste,desgaste(11),False,True
falla,11,1,falla,falla(11),False,True
suministro,11,1,suministro,suministro(11),False,True
automatico,10,1,automático,automático(10),True,False
base,10,1,base,base(10),False,True
no,10,1,no,no(10),False,True
peligrosos,10,1,peligrosos,peligrosos(10),False,True
todas,10,1,todas,todas(10),False,True
tratamiento,10,1,tratamiento,tratamiento(10),False,True
aguas,9,1,aguas,aguas(9),False,True
algoritmos,9,1,algoritmos,algoritmos(9),False,True
basica,9,1,básica,básica(9),True,False
cloud,9,1,cloud,cloud(9),False,True
cuantica,9,1,cuántica,cuántica(9),True,False
electricidad,9,1,electricidad,electricidad(9),False,True
embebidos,9,1,embebidos,embebidos(9),False,True
hmi,9,1,hmi,hmi(9),False,True
impacto,9,1,impacto,impacto(9),False,True
introduccion,9,1,introducción,introducción(9),True,False
iot,9,1,iot,iot(9),False,True
probabilidad,9,1,probabilidad,probabilidad(9),False,True
residuales,9,1,residuales,residuales(9),False,True
riesgo,9,1,riesgo,riesgo(9),False,True
validacion,9,1,validación,validación(9),True,False
verificacion,9,1,verificación,verificación(9),True,False
voltaje,9,1,voltaje,voltaje(9),False,True
acero,8,1,acero,acero(8),False,True
antenas,8,1,antenas,antenas(8),False,True
arquitectura,8,1,arquitectura,arquitectura(8),False,True
computing,8,1,computing,computing(8),False,True
elementos,8,1,elementos,elementos(8),False,True
ip,8,1,ip,ip(8),False,True
learning,8,1,learning,learning(8),False,True
mantenimiento,8,1,mantenimiento,mantenimiento(8),False,True
modelos,8,1,modelos,modelos(8),False,True
opticas,8,1,ópticas,ópticas(8),True,False
potabilizacion,8,1,potabilización,potabilización(8),True,False
protecciones,8,1,protecciones,protecciones(8),False,True
requerimientos,8,1,requerimientos,requerimientos(8),False,True
scada,8,1,scada,scada(8),False,True
seguro,8,1,seguro,seguro(8),False,True
simulacion,8,1,simulación,simulación(8),True,False
tcp,8,1,tcp,tcp(8),False,True
telecomunicaciones,8,1,telecomunicaciones,telecomunicaciones(8),False,True
yacimientos,8,1,yacimientos,yacimientos(8),False,True
aire,7,1,aire,aire(7),False,True
alimentos,7,1,alimentos,alimentos(7),False,True
avanzada,7,1,avanzada,avanzada(7),False,True
celulares,7,1,celulares,celulares(7),False,True
destructivos,7,1,destructivos,destructivos(7),False,True
el,7,1,el,el(7),False,True
ensayos,7,1,ensayos,ensayos(7),False,True
estructura,7,1,estructura,estructura(7),False,True
intranets,7,1,intranets,intranets(7),False,True
lan,7,1,lan,lan(7),False,True
machine,7,1,machine,machine(7),False,True
multivariante,7,1,multivariante,multivariante(7),False,True
ocupacional,7,1,ocupacional,ocupacional(7),False,True
para,7,1,para,para(7),False,True
planas,7,1,planas,planas(7),False,True
poo,7,1,poo,poo(7),False,True
salud,7,1,salud,salud(7),False,True
series,7,1,series,series(7),False,True
soldadura,7,1,soldadura,soldadura(7),False,True
temporales,7,1,temporales,temporales(7),False,True
cam,6,1,cam,cam(6),False,True
centrales,6,1,centrales,centrales(6),False,True
civiles,6,1,civiles,civiles(6),False,True
computadoras,6,1,computadoras,computadoras(6),False,True
computadores,6,1,computadores,computadores(6),False,True
construcciones,6,1,construcciones,construcciones(6),False,True
corte,6,1,corte,corte(6),False,True
depuracion,6,1,depuración,depuración(6),True,False
digital,6,1,digital,digital(6),False,True
distribuidas,6,1,distribuidas,distribuidas(6),False,True
economia,6,1,economía,economía(6),True,False
electrica,6,1,eléctrica,eléctrica(6),True,False
energias,6,1,energías,energías(6),True,False
estabilidad,6,1,estabilidad,estabilidad(6),False,True
hidraulico,6,1,hidráulico,hidráulico(6),True,False
impactos,6,1,impactos,impactos(6),False,True
los,6,1,los,los(6),False,True
productivos,6,1,productivos,productivos(6),False,True
que,6,1,que,que(6),False,True
renovables,6,1,renovables,renovables(6),False,True
wan,6,1,wan,wan(6),False,True
ambientales,5,1,ambientales,ambientales(5),False,True
avanzadas,5,1,avanzadas,avanzadas(5),False,True
caracterizacion,5,1,caracterización,caracterización(5),True,False
contaminacion,5,1,contaminación,contaminación(5),True,False
ecuador,5,1,ecuador,ecuador(5),False,True
estructural,5,1,estructural,estructural(5),False,True
general,5,1,general,general(5),False,True
hacking,5,1,hacking,hacking(5),False,True
ia,5,1,ia,ia(5),False,True
ing,5,1,ing,ing(5),False,True
instrumental,5,1,instrumental,instrumental(5),False,True
mecanicos,5,1,mecánicos,mecánicos(5),True,False
medio,5,1,medio,medio(5),False,True
microeconomia,5,1,microeconomía,microeconomía(5),True,False
optimizacion,5,1,optimización,optimización(5),True,False
organizacional,5,1,organizacional,organizacional(5),False,True
potable,5,1,potable,potable(5),False,True
resistencia,5,1,resistencia,resistencia(5),False,True
suelo,5,1,suelo,suelo(5),False,True
vigas,5,1,vigas,vigas(5),False,True
abastecimiento,4,1,abastecimiento,abastecimiento(4),False,True
aceros,4,1,aceros,aceros(4),False,True
acotados,4,1,acotados,acotados(4),False,True
actuarial,4,1,actuarial,actuarial(4),False,True
aprendizaje,4,1,aprendizaje,aprendizaje(4),False,True
armado,4,1,armado,armado(4),False,True
computacion,4,1,computación,computación(4),True,False
desechos,4,1,desechos,desechos(4),False,True
estado,4,1,estado,estado(4),False,True
flexion,4,1,flexión,flexión(4),True,False
hidrologia,4,1,hidrología,hidrología(4),True,False
integral,4,1,integral,integral(4),False,True
juegos,4,1,juegos,juegos(4),False,True
losas,4,1,losas,losas(4),False,True
metodos,4,1,métodos,métodos(4),True,False
minerales,4,1,minerales,minerales(4),False,True
modelado,4,1,modelado,modelado(4),False,True
municipales,4,1,municipales,municipales(4),False,True
operaciones,4,1,operaciones,operaciones(4),False,True
ordenamiento,4,1,ordenamiento,ordenamiento(4),False,True
petroleo,4,1,petróleo,petróleo(4),True,False
plc,4,1,plc,plc(4),False,True
propagacion,4,1,propagación,propagación(4),True,False
recuperacion,4,1,recuperación,recuperación(4),True,False
recursos,4,1,recursos,recursos(4),False,True
semestres,4,1,semestres,semestres(4),False,True
siguiente,4,1,siguiente,siguiente(4),False,True
solidos,4,1,sólidos,sólidos(4),True,False
territorial,4,1,territorial,territorial(4),False,True
torsion,4,1,torsión,torsión(4),True,False
una,4,1,una,una(4),False,True
al,3,1,al,al(3),False,True
alto,3,1,alto,alto(3),False,True
banach,3,1,banach,banach(3),False,True
bi,3,1,bi,bi(3),False,True
cableado,3,1,cableado,cableado(3),False,True
campo,3,1,campo,campo(3),False,True
cientifica,3,1,científica,científica(3),True,False
cimentaciones,3,1,cimentaciones,cimentaciones(3),False,True
clasica,3,1,clásica,clásica(3),True,False
contabilidad,3,1,contabilidad,contabilidad(3),False,True
deberia,3,1,debería,debería(3),True,False
docente,3,1,docente,docente(3),False,True
electrodinamica,3,1,electrodinámica,electrodinámica(3),True,False
embebido,3,1,embebido,embebido(3),False,True
energetica,3,1,energética,energética(3),True,False
espacios,3,1,espacios,espacios(3),False,True
estructurado,3,1,estructurado,estructurado(3),False,True
estudio,3,1,estudio,estudio(3),False,True
estudios,3,1,estudios,estudios(3),False,True
financiero,3,1,financiero,financiero(3),False,True
fisicoquimica,3,1,fisicoquímica,fisicoquímica(3),True,False
hilbert,3,1,hilbert,hilbert(3),False,True
ineficiente,3,1,ineficiente,ineficiente(3),False,True
itinerario,3,1,itinerario,itinerario(3),False,True
itinerarios,3,1,itinerarios,itinerarios(3),False,True
laboratorio,3,1,laboratorio,laboratorio(3),False,True
layout,3,1,layout,layout(3),False,True
mandos,3,1,mandos,mandos(3),False,True
matematica,3,1,matemática,matemática(3),True,False
materias,3,1,materias,materias(3),False,True
microbiologia,3,1,microbiología,microbiología(3),True,False
microondas,3,1,microondas,microondas(3),False,True
microprocesados,3,1,microprocesados,microprocesados(3),False,True
mineralogia,3,1,mineralogía,mineralogía(3),True,False
muestreo,3,1,muestreo,muestreo(3),False,True
n,3,1,n,n(3),False,True
negocios,3,1,negocios,negocios(3),False,True
obra,3,1,obra,obra(3),False,True
ofimatica,3,1,ofimática,ofimática(3),True,False
operadores,3,1,operadores,operadores(3),False,True
optica,3,1,óptica,óptica(3),True,False
por,3,1,por,por(3),False,True
reaccion,3,1,reacción,reacción(3),True,False
servicios,3,1,servicios,servicios(3),False,True
sig,3,1,sig,sig(3),False,True
ti,3,1,ti,ti(3),False,True
unitarias,3,1,unitarias,unitarias(3),False,True
wlan,3,1,wlan,wlan(3),False,True
accionamientos,2,1,accionamientos,accionamientos(2),False,True
acondicionado,2,1,acondicionado,acondicionado(2),False,True
almacenamiento,2,1,almacenamiento,almacenamiento(2),False,True
aplicacion,2,1,aplicación,aplicación(2),True,False
app,2,1,app,app(2),False,True
area,2,1,área,área(2),True,False
avanzado,2,1,avanzado,avanzado(2),False,True
baja,2,1,baja,baja(2),False,True
bioingenieria,2,1,bioingeniería,bioingeniería(2),True,False
business,2,1,business,business(2),False,True
canales,2,1,canales,canales(2),False,True
ciberseguridad,2,1,ciberseguridad,ciberseguridad(2),False,True
ciencias,2,1,ciencias,ciencias(2),False,True
circuitos,2,1,circuitos,circuitos(2),False,True
climatologia,2,1,climatología,climatología(2),True,False
columnas,2,1,columnas,columnas(2),False,True
complejos,2,1,complejos,complejos(2),False,True
comportamiento,2,1,comportamiento,comportamiento(2),False,True
compuestos,2,1,compuestos,compuestos(2),False,True
computacional,2,1,computacional,computacional(2),False,True
conservacion,2,1,conservación,conservación(2),True,False
ctricos,2,1,ctricos,ctricos(2),False,True
data,2,1,data,data(2),False,True
diferenciales,2,1,diferenciales,diferenciales(2),False,True
distribuciones,2,1,distribuciones,distribuciones(2),False,True
distribuida,2,1,distribuida,distribuida(2),False,True
dividirse,2,1,dividirse,dividirse(2),False,True
economica,2,1,económica,económica(2),True,False
ecotoxicologia,2,1,ecotoxicología,ecotoxicología(2),True,False
ecuaciones,2,1,ecuaciones,ecuaciones(2),False,True
edo,2,1,edo,edo(2),False,True
edp,2,1,edp,edp(2),False,True
eficiencia,2,1,eficiencia,eficiencia(2),False,True
empresarial,2,1,empresarial,empresarial(2),False,True
enrutamiento,2,1,enrutamiento,enrutamiento(2),False,True
es,2,1,es,es(2),False,True
estacionario,2,1,estacionario,estacionario(2),False,True
exploracion,2,1,exploración,exploración(2),True,False
fueron,2,1,fueron,fueron(2),False,True
geologicos,2,1,geológicos,geológicos(2),True,False
grafica,2,1,gráfica,gráfica(2),True,False
hidricos,2,1,hídricos,hídricos(2),True,False
igual,2,1,igual,igual(2),False,True
inalambrica,2,1,inalámbrica,inalámbrica(2),True,False
integrada,2,1,integrada,integrada(2),False,True
inteligentes,2,1,inteligentes,inteligentes(2),False,True
intelligence,2,1,intelligence,intelligence(2),False,True
interfaz,2,1,interfaz,interfaz(2),False,True
internacionales,2,1,internacionales,internacionales(2),False,True
intranet,2,1,intranet,intranet(2),False,True
lineal,2,1,lineal,lineal(2),False,True
lineales,2,1,lineales,lineales(2),False,True
manufactura,2,1,manufactura,manufactura(2),False,True
mas,2,1,más,más(2),True,False
matematicas,2,1,matemáticas,matemáticas(2),True,False
media,2,1,media,media(2),False,True
mejora,2,1,mejora,mejora(2),False,True
mi,2,1,mi,mi(2),False,True
micro,2,1,micro,micro(2),False,True
microcontroladores,2,1,microcontroladores,microcontroladores(2),False,True
mining,2,1,mining,mining(2),False,True
mobile,2,1,mobile,mobile(2),False,True
monetaria,2,1,monetaria,monetaria(2),False,True
naturales,2,1,naturales,naturales(2),False,True
networking,2,1,networking,networking(2),False,True
neumaticos,2,1,neumáticos,neumáticos(2),True,False
numerico,2,1,numérico,numérico(2),True,False
operativa,2,1,operativa,operativa(2),False,True
paginas,2,1,páginas,páginas(2),True,False
parciales,2,1,parciales,parciales(2),False,True
partir,2,1,partir,partir(2),False,True
pedagogia,2,1,pedagogía,pedagogía(2),True,False
pero,2,1,pero,pero(2),False,True
pesima,2,1,pésima,pésima(2),True,False
phd,2,1,phd,phd(2),False,True
politica,2,1,política,política(2),True,False
profesional,2,1,profesional,profesional(2),False,True
programas,2,1,programas,programas(2),False,True
puentes,2,1,puentes,puentes(2),False,True
relacionadas,2,1,relacionadas,relacionadas(2),False,True
relacionado,2,1,relacionado,relacionado(2),False,True
relatividad,2,1,relatividad,relatividad(2),False,True
riesgos,2,1,riesgos,riesgos(2),False,True
ser,2,1,ser,ser(2),False,True
solido,2,1,sólido,sólido(2),True,False
solo,2,1,solo,solo(2),False,True
tecnologia,2,1,tecnología,tecnología(2),True,False
telefonia,2,1,telefonía,telefonía(2),True,False
tics,2,1,tics,tics(2),False,True
tienen,2,1,tienen,tienen(2),False,True
todo,2,1,todo,todo(2),False,True
topologia,2,1,topología,topología(2),True,False
trabajo,2,1,trabajo,trabajo(2),False,True
tranferencia,2,1,tranferencia,tranferencia(2),False,True
transmision,2,1,transmisión,transmisión(2),True,False
tuberias,2,1,tuberías,tuberías(2),True,False
un,2,1,un,un(2),False,True
urbano,2,1,urbano,urbano(2),False,True
usabilidad,2,1,usabilidad,usabilidad(2),False,True
usando,2,1,usando,usando(2),False,True
utilizando,2,1,utilizando,utilizando(2),False,True
vapor,2,1,vapor,vapor(2),False,True
variable,2,1,variable,variable(2),False,True
vectorial,2,1,vectorial,vectorial(2),False,True
vias,2,1,vías,vías(2),True,False
accesibilidad,1,1,accesibilidad,accesibilidad(1),False,True
accionamiento,1,1,accionamiento,accionamiento(1),False,True
agrocomercio,1,1,agrocomercio,agrocomercio(1),False,True
agroindustriales,1,1,agroindustriales,agroindustriales(1),False,True
agroindustrias,1,1,agroindustrias,agroindustrias(1),False,True
ai,1,1,ai,ai(1),False,True
aiqmd,1,1,aiqmd,aiqmd(1),False,True
alcantarillad,1,1,alcantarillad,alcantarillad(1),False,True
algoritmls,1,1,algoritmls,algoritmls(1),False,True
ambiente,1,1,ambiente,ambiente(1),False,True
ampliarse,1,1,ampliarse,ampliarse(1),False,True
analogica,1,1,analogica,analogica(1),False,True
analogicas,1,1,analógicas,analógicas(1),True,False
anteriores,1,1,anteriores,anteriores(1),False,True
aplicadas,1,1,aplicadas,aplicadas(1),False,True
apps,1,1,apps,apps(1),False,True
aseguramiento,1,1,aseguramiento,aseguramiento(1),False,True
asignaturas,1,1,asignaturas,asignaturas(1),False,True
automaticos,1,1,automáticos,automáticos(1),True,False
automotrices,1,1,automotrices,automotrices(1),False,True
autonomo,1,1,autónomo,autónomo(1),True,False
bajo,1,1,bajo,bajo(1),False,True
banda,1,1,banda,banda(1),False,True
basicas,1,1,básicas,básicas(1),True,False
basico,1,1,básico,básico(1),True,False
bdd,1,1,bdd,bdd(1),False,True
biologia,1,1,biología,biología(1),True,False
biometrica,1,1,biométrica,biométrica(1),True,False
buisnes,1,1,buisnes,buisnes(1),False,True
calidadsisr,1,1,calidadsisr,calidadsisr(1),False,True
calo,1,1,calo,calo(1),False,True
campos,1,1,campos,campos(1),False,True
captacion,1,1,captación,captación(1),True,False
carrera,1,1,carrera,carrera(1),False,True
caso,1,1,caso,caso(1),False,True
cisco,1,1,cisco,cisco(1),False,True
cnc,1,1,cnc,cnc(1),False,True
columunas,1,1,columunas,columunas(1),False,True
combinarse,1,1,combinarse,combinarse(1),False,True
combustion,1,1,combustión,combustión(1),True,False
complejo,1,1,complejo,complejo(1),False,True
complementos,1,1,complementos,complementos(1),False,True
completacion,1,1,completación,completación(1),True,False
comprender,1,1,comprender,comprender(1),False,True
comunes,1,1,comunes,comunes(1),False,True
confiabilidad,1,1,confiabilidad,confiabilidad(1),False,True
continuan,1,1,continúan,continúan(1),True,False
contruccion,1,1,contrucción,contrucción(1),True,False
conversores,1,1,conversores,conversores(1),False,True
cosmologia,1,1,cosmología,cosmología(1),True,False
ctricas,1,1,ctricas,ctricas(1),False,True
cuanto,1,1,cuanto,cuanto(1),False,True
cuecas,1,1,cuecas,cuecas(1),False,True
cuencas,1,1,cuencas,cuencas(1),False,True
cursos,1,1,cursos,cursos(1),False,True
dada,1,1,dada,dada(1),False,True
datamining,1,1,datamining,datamining(1),False,True
deberian,1,1,deberían,deberían(1),True,False
demas,1,1,demas,demas(1),False,True
derecho,1,1,derecho,derecho(1),False,True
derivados,1,1,derivados,derivados(1),False,True
desarollo,1,1,desarollo,desarollo(1),False,True
desarrollosofftware,1,1,desarrollosofftware,desarrollosofftware(1),False,True
desicion,1,1,desición,desición(1),True,False
desorrolomovil,1,1,desorrolomovil,desorrolomovil(1),False,True
dessarrollo,1,1,dessarrollo,dessarrollo(1),False,True
deterministicos,1,1,determinísticos,determinísticos(1),True,False
diferencial,1,1,diferencial,diferencial(1),False,True
digitales,1,1,digitales,digitales(1),False,True
dinpamica,1,1,dinpamica,dinpamica(1),False,True
dinujo,1,1,dinujo,dinujo(1),False,True
directa,1,1,directa,directa(1),False,True
discretas,1,1,discretas,discretas(1),False,True
dispositivos,1,1,dispositivos,dispositivos(1),False,True
distribcucion,1,1,distribcucion,distribcucion(1),False,True
distribuci,1,1,distribuci,distribuci(1),False,True
distrubuidas,1,1,distrubuidas,distrubuidas(1),False,True
dividirla,1,1,dividirla,dividirla(1),False,True
djdj,1,1,djdj,djdj(1),False,True
durante,1,1,durante,durante(1),False,True
ecologia,1,1,ecología,ecología(1),True,False
econmetria,1,1,econmetría,econmetría(1),True,False
eia,1,1,eia,eia(1),False,True
electromagnetismo,1,1,electromagnetismo,electromagnetismo(1),False,True
electrotecnia,1,1,electrotecnia,electrotecnia(1),False,True
elipticas,1,1,elípticas,elípticas(1),True,False
end,1,1,end,end(1),False,True
energ,1,1,energ,energ(1),False,True
energeticos,1,1,energéticos,energéticos(1),True,False
enfocado,1,1,enfocado,enfocado(1),False,True
enfoque,1,1,enfoque,enfoque(1),False,True
ensenada,1,1,enseñada,enseñada(1),True,False
entera,1,1,entera,entera(1),False,True
enteros,1,1,enteros,enteros(1),False,True
equipos,1,1,equipos,equipos(1),False,True
escrita,1,1,escrita,escrita(1),False,True
especialidad,1,1,especialidad,especialidad(1),False,True
estadistico,1,1,estadístico,estadístico(1),True,False
estas,1,1,estas,estas(1),False,True
estaticos,1,1,estáticos,estáticos(1),True,False
estocastica,1,1,estocastica,estocastica(1),False,True
estocasticos,1,1,estocásticos,estocásticos(1),True,False
estratigrafia,1,1,estratigrafía,estratigrafía(1),True,False
estrcutural,1,1,estrcutural,estrcutural(1),False,True
estructurada,1,1,estructurada,estructurada(1),False,True
etc,1,1,etc,etc(1),False,True
etica,1,1,ética,ética(1),True,False
experimental,1,1,experimental,experimental(1),False,True
extendida,1,1,extendida,extendida(1),False,True
fenomenos,1,1,fenómenos,fenómenos(1),True,False
fiananzas,1,1,fiananzas,fiananzas(1),False,True
fianciero,1,1,fianciero,fianciero(1),False,True
financieros,1,1,financieros,financieros(1),False,True
fluodos,1,1,fluodos,fluodos(1),False,True
fluvial,1,1,fluvial,fluvial(1),False,True
forma,1,1,forma,forma(1),False,True
formacion,1,1,formación,formación(1),True,False
fourier,1,1,fourier,fourier(1),False,True
funcional,1,1,funcional,funcional(1),False,True
fundamentosia,1,1,fundamentosia,fundamentosia(1),False,True
geofisica,1,1,geofísica,geofísica(1),True,False
geografica,1,1,geográfica,geográfica(1),True,False
geometria,1,1,geometría,geometría(1),True,False
geomorfologia,1,1,geomorfología,geomorfología(1),True,False
geoquimica,1,1,geoquímica,geoquímica(1),True,False
gerencia,1,1,gerencia,gerencia(1),False,True
gesti,1,1,gesti,gesti(1),False,True
gestio,1,1,gestio,gestio(1),False,True
grafos,1,1,grafos,grafos(1),False,True
hamiltoniana,1,1,hamiltoniana,hamiltoniana(1),False,True
han,1,1,han,han(1),False,True
henry,1,1,henry,henry(1),False,True
herramientas,1,1,herramientas,herramientas(1),False,True
hi,1,1,hi,hi(1),False,True
hidraulicas,1,1,hidráulicas,hidráulicas(1),True,False
hidrogeologia,1,1,hidrogeología,hidrogeología(1),True,False
hidrosanitaria,1,1,hidrosanitaria,hidrosanitaria(1),False,True
hidrosanitarias,1,1,hidrosanitarias,hidrosanitarias(1),False,True
hormgion,1,1,hormgión,hormgión(1),True,False
hormigones,1,1,hormigones,hormigones(1),False,True
humanos,1,1,humanos,humanos(1),False,True
implementacion,1,1,implementación,implementación(1),True,False
importantes,1,1,importantes,importantes(1),False,True
indroduccion,1,1,indroducción,indroducción(1),True,False
industria,1,1,industria,industria(1),False,True
informaticas,1,1,informáticas,informáticas(1),True,False
ingles,1,1,inglés,inglés(1),True,False
iniguez,1,1,iñiguez,iñiguez(1),True,False
instrumentaciones,1,1,instrumentaciones,instrumentaciones(1),False,True
instrumentos,1,1,instrumentos,instrumentos(1),False,True
inteligente,1,1,inteligente,inteligente(1),False,True
interactivos,1,1,interactivos,interactivos(1),False,True
interesantes,1,1,interesantes,interesantes(1),False,True
interesaron,1,1,interesaron,interesaron(1),False,True
interfaces,1,1,interfaces,interfaces(1),False,True
interna,1,1,interna,interna(1),False,True
internet,1,1,internet,internet(1),False,True
inventarios,1,1,inventarios,inventarios(1),False,True
investigacion,1,1,investigación,investigación(1),True,False
java,1,1,java,java(1),False,True
laborales,1,1,laborales,laborales(1),False,True
lagrangiana,1,1,lagrangiana,lagrangiana(1),False,True
leyes,1,1,leyes,leyes(1),False,True
liderazgo,1,1,liderazgo,liderazgo(1),False,True
lineas,1,1,lineas,lineas(1),False,True
lo,1,1,lo,lo(1),False,True
local,1,1,local,local(1),False,True
lugar,1,1,lugar,lugar(1),False,True
m,1,1,m,m(1),False,True
macro,1,1,macro,macro(1),False,True
macroecomia,1,1,macroecomia,macroecomia(1),False,True
manejo,1,1,manejo,manejo(1),False,True
manera,1,1,manera,manera(1),False,True
mapas,1,1,mapas,mapas(1),False,True
maquinarias,1,1,maquinarias,maquinarias(1),False,True
matching,1,1,matching,matching(1),False,True
matematico,1,1,matemático,matemático(1),True,False
materials,1,1,materials,materials(1),False,True
mci,1,1,mci,mci(1),False,True
me,1,1,me,me(1),False,True
mecanismos,1,1,mecánismos,mecánismos(1),True,False
medida,1,1,medida,medida(1),False,True
mejor,1,1,mejor,mejor(1),False,True
mercadotecnia,1,1,mercadotecnia,mercadotecnia(1),False,True
metalogenia,1,1,metalogenia,metalogenia(1),False,True
meteorologia,1,1,meteorología,meteorología(1),True,False
metereologia,1,1,metereologia,metereologia(1),False,True
metodologia,1,1,metodología,metodología(1),True,False
microprocesadores,1,1,microprocesadores,microprocesadores(1),False,True
microtectonica,1,1,microtectónica,microtectónica(1),True,False
mis,1,1,mis,mis(1),False,True
modelados,1,1,modelados,modelados(1),False,True
motores,1,1,motores,motores(1),False,True
multivariate,1,1,multivariate,multivariate(1),False,True
muros,1,1,muros,muros(1),False,True
muy,1,1,muy,muy(1),False,True
nada,1,1,nada,nada(1),False,True
naranjo,1,1,naranjo,naranjo(1),False,True
natural,1,1,natural,natural(1),False,True
necesarias,1,1,necesarias,necesarias(1),False,True
neumatico,1,1,neumático,neumático(1),True,False
newtoniana,1,1,newtoniana,newtoniana(1),False,True
ninguna,1,1,ninguna,ninguna(1),False,True
normativas,1,1,normativas,normativas(1),False,True
nuclear,1,1,nuclear,nuclear(1),False,True
nuevos,1,1,nuevos,nuevos(1),False,True
obligatoria,1,1,obligatoria,obligatoria(1),False,True
obsoleto,1,1,obsoleto,obsoleto(1),False,True
ondas,1,1,ondas,ondas(1),False,True
oral,1,1,oral,oral(1),False,True
organica,1,1,orgánica,orgánica(1),True,False
organizaciones,1,1,organizaciones,organizaciones(1),False,True
paquetes,1,1,paquetes,paquetes(1),False,True
parte,1,1,parte,parte(1),False,True
particulas,1,1,partículas,partículas(1),True,False
pasado,1,1,pasado,pasado(1),False,True
pavimentos,1,1,pavimentos,pavimentos(1),False,True
paz,1,1,paz,paz(1),False,True
perforacion,1,1,perforación,perforación(1),True,False
petrologias,1,1,petrologias,petrologias(1),False,True
polimeros,1,1,polímeros,polímeros(1),True,False
porque,1,1,porque,porque(1),False,True
porticos,1,1,pórticos,pórticos(1),True,False
practicas,1,1,prácticas,prácticas(1),True,False
preservacion,1,1,preservación,preservación(1),True,False
presupuestaria,1,1,presupuestaria,presupuestaria(1),False,True
problemas,1,1,problemas,problemas(1),False,True
procesamiento,1,1,procesamiento,procesamiento(1),False,True
proceso,1,1,proceso,proceso(1),False,True
profesionalismo,1,1,profesionalismo,profesionalismo(1),False,True
programacioni,1,1,programacioni,programacioni(1),False,True
programacionorientada,1,1,programacionorientada,programacionorientada(1),False,True
proporcionaron,1,1,proporcionaron,proporcionaron(1),False,True
proyecto,1,1,proyecto,proyecto(1),False,True
q,1,1,q,q(1),False,True
quinas,1,1,quinas,quinas(1),False,True
quitaron,1,1,quitaron,quitaron(1),False,True
reacciones,1,1,reacciones,reacciones(1),False,True
reacion,1,1,reación,reación(1),True,False
real,1,1,real,real(1),False,True
recuros,1,1,recuros,recuros(1),False,True
red,1,1,red,red(1),False,True
registros,1,1,registros,registros(1),False,True
regularizacion,1,1,regularización,regularización(1),True,False
relevantes,1,1,relevantes,relevantes(1),False,True
remediacion,1,1,remediación,remediación(1),True,False
requisitos,1,1,requisitos,requisitos(1),False,True
residual,1,1,residual,residual(1),False,True
rf,1,1,rf,rf(1),False,True
rosita,1,1,rosita,rosita(1),False,True
sancehz,1,1,sancehz,sancehz(1),False,True
sandra,1,1,sandra,sandra(1),False,True
saneamiento,1,1,saneamiento,saneamiento(1),False,True
satos,1,1,satos,satos(1),False,True
sea,1,1,sea,sea(1),False,True
sedimenatarias,1,1,sedimenatarias,sedimenatarias(1),False,True
sedimentarias,1,1,sedimentarias,sedimentarias(1),False,True
sedimentologia,1,1,sedimentología,sedimentología(1),True,False
seguridades,1,1,seguridades,seguridades(1),False,True
seguriodad,1,1,seguriodad,seguriodad(1),False,True
semestre,1,1,semestre,semestre(1),False,True
sensores,1,1,sensores,sensores(1),False,True
sido,1,1,sido,sido(1),False,True
siglo,1,1,siglo,siglo(1),False,True
sin,1,1,sin,sin(1),False,True
sirven,1,1,sirven,sirven(1),False,True
sofware,1,1,sofware,sofware(1),False,True
soldaduda,1,1,soldaduda,soldaduda(1),False,True
son,1,1,son,son(1),False,True
subterranes,1,1,subterranes,subterranes(1),False,True
suminstro,1,1,suminstro,suminstro(1),False,True
talento,1,1,talento,talento(1),False,True
tecnico,1,1,técnico,técnico(1),True,False
tecnologiasinformacion,1,1,tecnologiasinformacion,tecnologiasinformacion(1),False,True
temodinamica,1,1,temodinamica,temodinamica(1),False,True
tencion,1,1,tención,tención(1),True,False
tension,1,1,tension,tension(1),False,True
termica,1,1,térmica,térmica(1),True,False
tic,1,1,tic,tic(1),False,True
to,1,1,to,to(1),False,True
toxicologia,1,1,toxicología,toxicología(1),True,False
transductores,1,1,transductores,transductores(1),False,True
transferencias,1,1,transferencias,transferencias(1),False,True
transporte,1,1,transporte,transporte(1),False,True
trasmision,1,1,trasmision,trasmision(1),False,True
trasnferencia,1,1,trasnferencia,trasnferencia(1),False,True
tratamientos,1,1,tratamientos,tratamientos(1),False,True
u,1,1,u,u(1),False,True
ultimos,1,1,últimos,últimos(1),True,False
underrated,1,1,underrated,underrated(1),False,True
unicos,1,1,únicos,únicos(1),True,False
unidad,1,1,unidad,unidad(1),False,True
unirse,1,1,unirse,unirse(1),False,True
utiles,1,1,útiles,útiles(1),True,False
variables,1,1,variables,variables(1),False,True
varias,1,1,varias,varias(1),False,True
ventilacion,1,1,ventilación,ventilación(1),True,False
vibraciones,1,1,vibraciones,vibraciones(1),False,True
videojuegos,1,1,videojuegos,videojuegos(1),False,True
vision,1,1,visión,visión(1),True,False
vulcanologia,1,1,vulcanologia,vulcanologia(1),False,True
webs,1,1,webs,webs(1),False,True
ya,1,1,ya,ya(1),False,True
